﻿<?xml version="1.0" encoding="UTF-8" standalone="yes"?>
<addon id="repository.TerrorizeInc.kodi" name="Terrorize Inc Repo" version="0.0.1" provider-name="Terrorize420">
	<extension point="xbmc.addon.repository" name="TerrorizeInc Add-on Repository">
		<info compressed="false">http://raw.github.com/Terrorize420/Terrorize-Inc_Repo/master/addons.xml</info>
		<checksum>http://raw.github.com/Terrorize420/Terrorize-Inc_Repo/master/addons.xml.md5</checksum>
		<datadir zip="true">http://raw.github.com/Terrorize420/Terrorize-Inc_Repo/master/repo/</datadir>
	</extension>
	<extension point="xbmc.addon.metadata">
		<summary>TerrorizeInc Addon</summary>
		<description>Made This Just For You Brad The Butt Baby</description>
		<disclaimer></disclaimer>
		<platform>all</platform>
	</extension>
</addon>